model,experiment,fold,n_features,roc_auc,pr_auc,n_iter,max_iter,convergence_warning,converged,seconds,C
LogisticRegression,LR_L2_C_0.001,0,511,0.7724946428031346,0.2605638541704607,33,1000,False,True,12.122091054916382,0.001
LogisticRegression,LR_L2_C_0.001,1,511,0.778146624867092,0.2610731518041841,29,1000,False,True,11.509232759475708,0.001
LogisticRegression,LR_L2_C_0.001,2,511,0.772596512428359,0.2537988793627309,28,1000,False,True,11.061166048049927,0.001
LogisticRegression,LR_L2_C_0.001,3,511,0.7799879557347157,0.2717401279126142,31,1000,False,True,11.868597984313965,0.001
LogisticRegression,LR_L2_C_0.001,4,511,0.7848971204608748,0.2731495770258149,29,1000,False,True,11.526729345321655,0.001
LogisticRegression,LR_L2_C_0.01,0,511,0.7728594519412961,0.2606821462932531,56,1000,False,True,12.984877109527588,0.01
LogisticRegression,LR_L2_C_0.01,1,511,0.7781463184969496,0.260818676874064,51,1000,False,True,12.8416748046875,0.01
LogisticRegression,LR_L2_C_0.01,2,511,0.7729386958154346,0.25433374679327636,50,1000,False,True,13.058915138244629,0.01
LogisticRegression,LR_L2_C_0.01,3,511,0.7804652376672614,0.27203129278097526,56,1000,False,True,12.463438749313354,0.01
LogisticRegression,LR_L2_C_0.01,4,511,0.7849377893160573,0.27216797591275105,56,1000,False,True,12.83228063583374,0.01
LogisticRegression,LR_L2_C_0.1,0,511,0.7727547998891531,0.26064733780248667,76,1000,False,True,13.794672012329102,0.1
LogisticRegression,LR_L2_C_0.1,1,511,0.7779230494744497,0.26061132340083676,71,1000,False,True,13.59807300567627,0.1
LogisticRegression,LR_L2_C_0.1,2,511,0.7726145348301083,0.25370607057865857,72,1000,False,True,14.742408037185669,0.1
LogisticRegression,LR_L2_C_0.1,3,511,0.7802176300306579,0.27140780166916756,75,1000,False,True,14.963629007339478,0.1
LogisticRegression,LR_L2_C_0.1,4,511,0.784821981402228,0.27157515753162137,75,1000,False,True,13.605353116989136,0.1
LogisticRegression,LR_L2_C_1.0,0,511,0.7728235217715063,0.26071282204139207,77,1000,False,True,14.517101049423218,1.0
LogisticRegression,LR_L2_C_1.0,1,511,0.7779672166491652,0.26070608681617,74,1000,False,True,15.852588891983032,1.0
LogisticRegression,LR_L2_C_1.0,2,511,0.7726057391570664,0.2536921456645646,77,1000,False,True,15.846655130386353,1.0
LogisticRegression,LR_L2_C_1.0,3,511,0.7801645211227163,0.27130512572315013,74,1000,False,True,13.828258991241455,1.0
LogisticRegression,LR_L2_C_1.0,4,511,0.784864157171018,0.2715700849540393,81,1000,False,True,15.6339590549469,1.0
LogisticRegression,LR_L2_C_10.0,0,511,0.7728319147399799,0.26075475366044576,80,1000,False,True,15.794125080108643,10.0
LogisticRegression,LR_L2_C_10.0,1,511,0.7779398570829599,0.26069275105604905,75,1000,False,True,15.728368043899536,10.0
LogisticRegression,LR_L2_C_10.0,2,511,0.7725831390153988,0.253714313412612,76,1000,False,True,16.82816219329834,10.0
LogisticRegression,LR_L2_C_10.0,3,511,0.780201100292742,0.2712124742733753,86,1000,False,True,18.493449926376343,10.0
LogisticRegression,LR_L2_C_10.0,4,511,0.7848744098834581,0.2716215649665569,78,1000,False,True,17.789152145385742,10.0
